{"position":{"x":-57.5665168762207,"y":-57.12283706665039,"z":0.0},"health":100,"openDoors":[false,false]}