{"position":{"x":-57.241607666015628,"y":-61.066287994384769,"z":0.0},"health":100,"openDoors":[false,false]}